Related_layer,Username,link
1,jason_0_o,http://instagram.com/jason_0_o
1,203king_chris,http://instagram.com/203king_chris
1,alina_celery,http://instagram.com/alina_celery
1,amanduhcleong,http://instagram.com/amanduhcleong
1,xienao,http://instagram.com/xienao
1,cassi_meng,http://instagram.com/cassi_meng
1,shirleychen_baby,http://instagram.com/shirleychen_baby
1,xxshudai,http://instagram.com/xxshudai
1,jason_0_o,http://instagram.com/jason_0_o
1,chenchen_amy,http://instagram.com/chenchen_amy
1,bellabiu,http://instagram.com/bellabiu
1,zhuyueii,http://instagram.com/zhuyueii
1,yy_god,http://instagram.com/yy_god
1,lililibeiby,http://instagram.com/lililibeiby
1,jason_0_o,http://instagram.com/jason_0_o
1,chenchen_amy,http://instagram.com/chenchen_amy
1,_zhuxiaoming,http://instagram.com/_zhuxiaoming
1,darriusnyc,http://instagram.com/darriusnyc
1,darriusnyc,http://instagram.com/darriusnyc
1,sandianalovinglife,http://instagram.com/sandianalovinglife
1,choco_angz,http://instagram.com/choco_angz
1,_collin_zhang_,http://instagram.com/_collin_zhang_
1,onelai_kk,http://instagram.com/onelai_kk
1,hailiha,http://instagram.com/hailiha
1,stephy_ly,http://instagram.com/stephy_ly
1,_zhuxiaoming,http://instagram.com/_zhuxiaoming
1,heykinchan,http://instagram.com/heykinchan
1,_collin_zhang_,http://instagram.com/_collin_zhang_
1,203king_chris,http://instagram.com/203king_chris
2,jason_0_o,http://instagram.com/jason_0_o
2,203king_chris,http://instagram.com/203king_chris
2,alina_celery,http://instagram.com/alina_celery
2,amanduhcleong,http://instagram.com/amanduhcleong
2,xienao,http://instagram.com/xienao
2,cassi_meng,http://instagram.com/cassi_meng
2,shirleychen_baby,http://instagram.com/shirleychen_baby
2,xxshudai,http://instagram.com/xxshudai
2,jason_0_o,http://instagram.com/jason_0_o
2,chenchen_amy,http://instagram.com/chenchen_amy
2,bellabiu,http://instagram.com/bellabiu
2,zhuyueii,http://instagram.com/zhuyueii
2,yy_god,http://instagram.com/yy_god
2,lililibeiby,http://instagram.com/lililibeiby
2,jason_0_o,http://instagram.com/jason_0_o
2,chenchen_amy,http://instagram.com/chenchen_amy
2,_zhuxiaoming,http://instagram.com/_zhuxiaoming
2,darriusnyc,http://instagram.com/darriusnyc
2,darriusnyc,http://instagram.com/darriusnyc
2,sandianalovinglife,http://instagram.com/sandianalovinglife
2,choco_angz,http://instagram.com/choco_angz
2,_collin_zhang_,http://instagram.com/_collin_zhang_
2,onelai_kk,http://instagram.com/onelai_kk
2,hailiha,http://instagram.com/hailiha
2,stephy_ly,http://instagram.com/stephy_ly
2,_zhuxiaoming,http://instagram.com/_zhuxiaoming
2,heykinchan,http://instagram.com/heykinchan
2,_collin_zhang_,http://instagram.com/_collin_zhang_
2,203king_chris,http://instagram.com/203king_chris
2,jason_0_o,http://instagram.com/jason_0_o
2,203king_chris,http://instagram.com/203king_chris
2,alina_celery,http://instagram.com/alina_celery
2,amanduhcleong,http://instagram.com/amanduhcleong
2,xienao,http://instagram.com/xienao
2,cassi_meng,http://instagram.com/cassi_meng
2,shirleychen_baby,http://instagram.com/shirleychen_baby
2,xxshudai,http://instagram.com/xxshudai
2,jason_0_o,http://instagram.com/jason_0_o
2,chenchen_amy,http://instagram.com/chenchen_amy
2,bellabiu,http://instagram.com/bellabiu
2,zhuyueii,http://instagram.com/zhuyueii
2,yy_god,http://instagram.com/yy_god
2,lililibeiby,http://instagram.com/lililibeiby
2,jason_0_o,http://instagram.com/jason_0_o
2,chenchen_amy,http://instagram.com/chenchen_amy
2,_zhuxiaoming,http://instagram.com/_zhuxiaoming
2,darriusnyc,http://instagram.com/darriusnyc
2,darriusnyc,http://instagram.com/darriusnyc
2,sandianalovinglife,http://instagram.com/sandianalovinglife
2,choco_angz,http://instagram.com/choco_angz
2,_collin_zhang_,http://instagram.com/_collin_zhang_
2,onelai_kk,http://instagram.com/onelai_kk
2,hailiha,http://instagram.com/hailiha
2,stephy_ly,http://instagram.com/stephy_ly
2,_zhuxiaoming,http://instagram.com/_zhuxiaoming
2,heykinchan,http://instagram.com/heykinchan
2,_collin_zhang_,http://instagram.com/_collin_zhang_
2,203king_chris,http://instagram.com/203king_chris
2,jason_0_o,http://instagram.com/jason_0_o
2,203king_chris,http://instagram.com/203king_chris
2,alina_celery,http://instagram.com/alina_celery
2,amanduhcleong,http://instagram.com/amanduhcleong
2,xienao,http://instagram.com/xienao
2,cassi_meng,http://instagram.com/cassi_meng
2,shirleychen_baby,http://instagram.com/shirleychen_baby
2,xxshudai,http://instagram.com/xxshudai
2,jason_0_o,http://instagram.com/jason_0_o
2,chenchen_amy,http://instagram.com/chenchen_amy
2,bellabiu,http://instagram.com/bellabiu
2,zhuyueii,http://instagram.com/zhuyueii
2,yy_god,http://instagram.com/yy_god
2,lililibeiby,http://instagram.com/lililibeiby
2,jason_0_o,http://instagram.com/jason_0_o
2,chenchen_amy,http://instagram.com/chenchen_amy
2,_zhuxiaoming,http://instagram.com/_zhuxiaoming
2,darriusnyc,http://instagram.com/darriusnyc
2,darriusnyc,http://instagram.com/darriusnyc
2,sandianalovinglife,http://instagram.com/sandianalovinglife
2,choco_angz,http://instagram.com/choco_angz
2,_collin_zhang_,http://instagram.com/_collin_zhang_
2,onelai_kk,http://instagram.com/onelai_kk
2,hailiha,http://instagram.com/hailiha
2,stephy_ly,http://instagram.com/stephy_ly
2,_zhuxiaoming,http://instagram.com/_zhuxiaoming
2,heykinchan,http://instagram.com/heykinchan
2,_collin_zhang_,http://instagram.com/_collin_zhang_
2,203king_chris,http://instagram.com/203king_chris
2,jason_0_o,http://instagram.com/jason_0_o
2,203king_chris,http://instagram.com/203king_chris
2,alina_celery,http://instagram.com/alina_celery
2,amanduhcleong,http://instagram.com/amanduhcleong
2,xienao,http://instagram.com/xienao
2,cassi_meng,http://instagram.com/cassi_meng
2,shirleychen_baby,http://instagram.com/shirleychen_baby
2,xxshudai,http://instagram.com/xxshudai
2,jason_0_o,http://instagram.com/jason_0_o
2,chenchen_amy,http://instagram.com/chenchen_amy
2,bellabiu,http://instagram.com/bellabiu
2,zhuyueii,http://instagram.com/zhuyueii
2,yy_god,http://instagram.com/yy_god
2,lililibeiby,http://instagram.com/lililibeiby
2,jason_0_o,http://instagram.com/jason_0_o
2,chenchen_amy,http://instagram.com/chenchen_amy
2,_zhuxiaoming,http://instagram.com/_zhuxiaoming
2,darriusnyc,http://instagram.com/darriusnyc
2,darriusnyc,http://instagram.com/darriusnyc
2,sandianalovinglife,http://instagram.com/sandianalovinglife
2,choco_angz,http://instagram.com/choco_angz
2,_collin_zhang_,http://instagram.com/_collin_zhang_
2,onelai_kk,http://instagram.com/onelai_kk
2,hailiha,http://instagram.com/hailiha
2,stephy_ly,http://instagram.com/stephy_ly
2,_zhuxiaoming,http://instagram.com/_zhuxiaoming
2,heykinchan,http://instagram.com/heykinchan
2,_collin_zhang_,http://instagram.com/_collin_zhang_
2,203king_chris,http://instagram.com/203king_chris
2,jason_0_o,http://instagram.com/jason_0_o
2,203king_chris,http://instagram.com/203king_chris
2,alina_celery,http://instagram.com/alina_celery
2,amanduhcleong,http://instagram.com/amanduhcleong
2,xienao,http://instagram.com/xienao
2,cassi_meng,http://instagram.com/cassi_meng
2,shirleychen_baby,http://instagram.com/shirleychen_baby
2,xxshudai,http://instagram.com/xxshudai
2,jason_0_o,http://instagram.com/jason_0_o
2,chenchen_amy,http://instagram.com/chenchen_amy
2,bellabiu,http://instagram.com/bellabiu
2,zhuyueii,http://instagram.com/zhuyueii
2,yy_god,http://instagram.com/yy_god
2,lililibeiby,http://instagram.com/lililibeiby
2,jason_0_o,http://instagram.com/jason_0_o
2,chenchen_amy,http://instagram.com/chenchen_amy
2,_zhuxiaoming,http://instagram.com/_zhuxiaoming
2,darriusnyc,http://instagram.com/darriusnyc
2,darriusnyc,http://instagram.com/darriusnyc
2,sandianalovinglife,http://instagram.com/sandianalovinglife
2,choco_angz,http://instagram.com/choco_angz
2,_collin_zhang_,http://instagram.com/_collin_zhang_
2,onelai_kk,http://instagram.com/onelai_kk
2,hailiha,http://instagram.com/hailiha
2,stephy_ly,http://instagram.com/stephy_ly
2,_zhuxiaoming,http://instagram.com/_zhuxiaoming
2,heykinchan,http://instagram.com/heykinchan
2,_collin_zhang_,http://instagram.com/_collin_zhang_
2,203king_chris,http://instagram.com/203king_chris
